{"ssp126": 325.34, "ssp245": 810.20, "ssp370": 1506.5773134877386, "ssp585": 2176.3538993188017}